Composer,Work,Year,1,2,3,4,5,6,7,8,9,10,11,12
"Argento, Dominick","A Water Bird Talk, Bird Row",1974-76,0,7,2,1,10,9,3,8,5,4,11,6
"Argento, Dominick","A Water Bird Talk, Lecturer Row",1974-76,0,9,5,10,2,6,3,11,8,4,1,7
"Argento, Dominick",Evensong: Of Love and Angels,2007,0,11,9,8,5,3,4,1,2,7,10,6
"Argento, Dominick",From the Diary of Virginia Woolf,1974,0,7,6,3,11,5,3,1,8,9,4,10
"Argento, Dominick",Miss Havisham's Wedding Night,1979,0,2,7,11,10,1,6,5,3,4,8,9
"Babbitt, Milton",All Set,1957,0,4,5,11,6,10,7,3,1,2,9,8
"Babbitt, Milton",Composition for Four Instruments,1948,0,3,11,2,10,1,7,4,8,5,9,6
"Babbitt, Milton","Composition for Four Instruments, row i",1948,0,10,9,8,7,5,11,1,2,3,4,6
"Babbitt, Milton","Composition for Four Instruments, row ii",1948,0,9,11,2,4,1,7,10,8,5,3,6
"Babbitt, Milton","Composition for Four Instruments, row iii",1948,0,4,3,8,7,11,5,1,2,9,10,6
"Babbitt, Milton","Composition for Four Instruments, row iv",1948,0,4,1,8,5,9,3,11,2,7,10,6
"Babbitt, Milton",Composition for Synthesizer,1961,0,9,1,8,4,5,7,2,3,6,10,11
"Babbitt, Milton",Composition for Tenor and Six Instruments,1960,0,11,7,5,6,1,4,3,10,8,2,9
"Babbitt, Milton",Composition for Twelve Instruments,1954,0,1,4,9,5,8,3,10,2,11,6,7
"Babbitt, Milton",Composition for Viola and Piano,1950,0,3,4,8,11,7,9,2,1,5,10,6
"Babbitt, Milton","Du, row i",1951,0,9,2,10,11,1,7,5,4,8,3,6
"Babbitt, Milton","Du, row ii",1956,0,5,2,10,9,7,1,3,4,8,11,6
"Babbitt, Milton",Partitions,1957,0,7,9,10,2,11,5,8,4,3,1,6
"Babbitt, Milton",Philomel,1964,0,1,11,3,8,6,9,10,5,4,7,2
"Babbitt, Milton",Relata I,1965,0,1,11,2,10,3,9,8,4,6,7,5
"Babbitt, Milton",Relata II,1968,0,1,11,2,10,3,9,8,4,6,7,5
"Babbitt, Milton",Semi-simple variations,1956,0,8,1,10,9,11,5,3,4,7,2,6
"Babbitt, Milton",Sounds and Words,1960,0,9,2,4,8,3,11,10,1,7,5,6
"Babbitt, Milton",String Quartet No.2,1954,0,3,11,4,1,2,8,10,5,9,7,6
"Babbitt, Milton","String Quartet, No.3",1970,0,11,6,7,5,1,10,2,9,3,4,8
"Babbitt, Milton",The Widow's Lament in Springtime,1951,0,11,9,2,10,7,1,4,8,3,5,6
"Babbitt, Milton","Three Compositions for Piano, no. I",1947,0,5,7,4,2,3,9,1,8,11,10,6
"Babbitt, Milton",Two Sonnets of Gerard Manley Hopkins,1955,0,2,3,4,7,5,11,6,10,9,8,1
"Babbitt, Milton",Vision and Prayer,1961,0,11,8,3,7,4,10,9,2,6,1,5
"Babbitt, Milton",Woodwind Quartet,1953,0,3,1,2,11,10,8,9,5,7,6,4
"Baker, David","“Status Symbol” from ""The Black Experience""",1973,4,7,8,11,0,3,5,2,1,10,9,6
"Barber, Samuel","Piano Sonata, Op. 26",1949,0,8,4,11,3,7,1,9,5,10,2,6
"Bartók, Béla",String Quartet No. 4,1928,0,5,6,11,4,9,10,3,8,1,2,7
"Bartók, Béla","Violin Concerto No. 2, mvt 1",1937-8,0,2,8,1,9,4,10,6,3,7,11,5
"Bartók, Béla","Violin Concerto No. 2, mvt 3",1937-8,0,8,2,9,1,4,10,7,6,3,11,5
"Beecroft, Norma",Improvvisazioni Concertanti No. 1,1961,0,1,11,9,3,2,7,6,10,8,4,5
"Bennett, Richard Rodney",Five Studies for Piano,1962,0,3,5,6,11,9,4,2,7,8,10,1
"Bennett, Richard Rodney",Symphony,1965,0,2,9,8,3,5,6,1,7,11,10,4
"Berg, Alban",Altenberg Lieder,1912,0,1,11,10,2,9,3,8,7,6,5,4
"Berg, Alban","Chamber Concerto, mvts 1, 3",1923-25,0,1,3,8,4,9,10,7,6,5,11,2
"Berg, Alban","Chamber Concerto, mvts 2, 3",1923-25,0,11,10,4,5,9,7,1,2,6,8,3
"Berg, Alban",Der Wein,1929,0,2,3,5,7,8,11,4,6,10,9,1
"Berg, Alban","Lulu, (no character)",1927-1935,0,5,2,7,9,6,8,10,3,1,4,11
"Berg, Alban","Lulu, Acrobat/Athlete",1927-1935,0,5,7,6,11,3,4,2,9,8,10,1
"Berg, Alban","Lulu, Act II, Scene I. (Every 5th Note of Transposed Primary Row)",1927-1935,0,9,3,2,11,4,6,1,7,10,5,8
"Berg, Alban","Lulu, Alwa",1927-1935,0,8,5,10,7,1,6,4,11,2,3,9
"Berg, Alban","Lulu, Chorale row",1927-1935,0,5,1,2,3,9,8,10,4,11,6,7
"Berg, Alban","Lulu, Countess Geschwitz",1927-1935,0,5,2,10,1,7,8,6,11,4,9,3
"Berg, Alban","Lulu, Dr. Schön",1927-1935,0,5,9,10,4,7,6,11,1,2,8,3
"Berg, Alban","Lulu, Lulu (title character) row",1927-1935,0,2,3,5,7,9,1,10,11,4,6,8
"Berg, Alban","Lulu, Primary / Main / Basic Row",1934,0,4,5,2,7,9,6,8,11,10,3,1
"Berg, Alban","Lulu, Schigolch",1927-1935,0,2,3,1,4,5,6,7,8,9,11,10
"Berg, Alban","Lulu, Schoolboy row",1927-1935,0,2,6,10,4,7,8,3,5,9,11,1
"Berg, Alban","Lulu, permutation of main row",1927-1935,0,4,2,7,9,6,8,11,3,1,5,10
"Berg, Alban","Lulu, whole-tone row",1927-1935,0,2,4,6,10,8,11,7,9,1,3,5
"Berg, Alban","Lyric Suite, Primary Row / mvt I",1925-26,0,11,7,4,2,9,3,8,10,1,5,6
"Berg, Alban","Lyric Suite, mvt I",1925-26,0,2,4,5,7,9,6,8,10,11,1,3
"Berg, Alban","Lyric Suite, mvt III",1925-26,0,11,7,1,2,9,3,8,10,4,5,6
"Berg, Alban","Lyric Suite, mvt V and VI",1925-1926,0,1,4,3,5,6,11,7,8,9,10,2
"Berg, Alban","Lyric Suite, mvt VI",1925-26,0,2,4,7,9,11,6,8,10,1,3,5
"Berg, Alban","Lyric Suite, mvt VI, row 2",1925-26,0,11,8,9,7,6,1,5,4,3,2,10
"Berg, Alban",Schliesse mir die Augen Beide,1907,0,11,7,4,2,9,3,8,10,1,5,6
"Berg, Alban",Violin Concerto,1935,0,3,7,11,2,5,9,1,4,6,8,10
"Berg, Alban","Wozzeck, Act I, Scene 4 ""Passacaglia""",1914-22,0,8,4,10,9,3,1,7,6,2,5,11
"Berger, Arthur",Chamber Music for Thirteen Players,1956,0,1,11,7,10,9,6,5,8,4,2,3
"Berio, Luciano",Chamber Music,1953,0,9,3,5,7,10,2,11,4,6,8,1
"Berio, Luciano",Cinque Variazioni,1952-53,0,2,4,1,3,5,8,10,6,7,9,11
"Berio, Luciano",Sequenza I,1958,0,11,10,9,8,7,4,7,5,3,1,7
"Boulez, Pierre",1st Piano Sonata,1946/49,0,8,11,9,10,5,6,4,3,1,2,7
"Boulez, Pierre",2nd Piano Sonata,1948,0,7,1,6,11,3,5,8,9,10,4,2
"Boulez, Pierre","2nd Piano Sonata, mvt II, Section 1",1948,0,2,1,11,3,9,8,10,7,6,5,4
"Boulez, Pierre",3rd Piano Sonata,1957,0,1,7,2,4,3,6,8,5,10,9,11
"Boulez, Pierre",Le Marteau sans Maître (alternative view),1953-55,0,2,11,10,7,8,6,9,5,1,4,3
"Boulez, Pierre","Le Marteau sans Maître, cycle of Bel Édifice et les pressentiments",1953-55,0,10,1,11,3,7,2,4,8,6,9,5
"Boulez, Pierre","Le Marteau sans Maître, cycle of Bourreaux de solitude",1953-55,0,1,2,3,4,5,6,7,8,9,10,11
"Boulez, Pierre","Le Marteau sans Maître, cycle of L'Artisanat furieux",1953-55,0,10,1,2,6,3,7,4,5,8,11,9
"Boulez, Pierre","Le Soleil des eaux, series I",1965,0,6,10,2,5,1,7,11,3,4,8,9
"Boulez, Pierre","Le Soleil des eaux, series II",1965,0,6,10,2,5,1,4,7,11,8,3,9
"Boulez, Pierre","Le Soleil des eaux, series III",1965,0,11,7,2,6,5,4,8,10,1,3,9
"Boulez, Pierre",Notations,1945ff.,0,2,7,6,1,8,4,9,5,11,10,3
"Boulez, Pierre",Pli selon pli,"1958, 67, 71",0,1,8,6,7,9,4,5,11,3,2,10
"Boulez, Pierre",Sonatine,1946/49,0,1,5,11,4,8,9,3,10,2,7,6
"Boulez, Pierre",Structures Ia,1952,0,11,6,5,4,3,1,10,9,7,2,8
"Britten, Benjamin","Missa Brevis in D, Op. 63",1959,0,5,2,9,10,3,6,1,4,11,8,7
"Britten, Benjamin",The Turn of the Screw,1954,0,5,2,7,4,9,6,11,8,1,10,3
"Cage, John","Sonata for Clarinet, mvt 2",1933,0,11,9,10,8,6,5,4,3,7,2,1
"Cage, John",Two pieces for Piano,1935,0,11,8,3,4,2,9,7,1,5,10,6
"Carlos, Juan","Canciones y Baladas, Balada II",1936,0,4,10,6,3,8,7,2,5,9,1,11
"Carter, Elliott",A Symphony of Three Orchestras,1976,0,8,7,10,4,5,2,9,11,3,1,6
"Carter, Elliott",Caténaires,2006,0,8,5,3,7,9,10,4,11,2,1,6
"Carter, Elliott",Night Fantasies,1982,0,10,3,11,8,7,1,2,5,9,4,6
"Carter, Elliott","Piano Concerto, Orchestra",1964-65,0,7,4,11,6,10,3,9,1,8,5,2
"Carter, Elliott","Piano Concerto, Soloist",1964-65,0,8,4,9,10,3,1,6,11,2,7,5
"Carter, Elliott",String Quartet No. 2 (sketch) 1,1958,0,4,8,3,7,11,6,10,2,9,1,5
"Carter, Elliott",String Quartet No. 2 (sketch) 2,1958,0,8,4,3,11,7,6,2,10,9,5,1
"Carter, Elliott",String Quartet No. 2 (sketch) 3,1958,0,2,4,6,8,10,1,3,5,7,9,11
"Carter, Elliott",String Quartet No. 3,1973,0,11,2,9,5,3,4,8,10,7,1,6
"Carter, Elliott",Variations for Orchestra (sketch),1955,0,8,4,9,11,2,1,5,10,3,6,7
"Copland, Aaron","Connotations, row 1",1962,0,1,3,6,2,9,8,5,10,4,11,7
"Copland, Aaron","Connotations, row 2",1962,0,7,9,6,2,3,8,11,10,4,5,1
"Copland, Aaron","Inscape (""Row 2"")",1967,0,7,3,9,2,4,6,10,5,8,11,1
"Copland, Aaron","Inscape, (""Y form"" or ""Row 1"")",1967,0,4,3,11,2,7,6,8,10,9,5,1
"Copland, Aaron",Piano Fantasy,1952-57,0,7,2,10,8,3,6,4,11,9,1,5
"Cordero, Roque","Concerto for Violin, mvt 2A",1962,0,11,6,4,7,8,5,9,3,10,1,2
"Cordero, Roque","Concerto for Violin, mvt 2B",1962,0,5,3,11,6,8,7,2,1,4,9,10
"Cordero, Roque",Soliloquios,1975,0,1,5,11,3,2,9,8,4,10,6,7
"Cordero, Roque",Sonata breve,1966,0,1,4,11,10,7,5,8,9,6,3,2
"Cordero, Roque",Tres mensajes breves,1966,0,11,10,7,1,2,3,6,5,4,8,9
"Cordero, Roque",Violin Concerto mvt 1-3,1962,0,11,6,4,8,7,5,1,3,2,10,9
"Crosse, Gordon","Elegy for Small Orchestra, Op.1",1959-60/61,0,11,3,1,9,10,5,6,2,4,8,7
"Dallapiccola, Luigi","'Intermezzo' from the 'Ciaccona' (of 'Ciaccona, intermezzo e adagio')",1945,0,5,6,3,8,9,7,11,10,2,1,4
"Dallapiccola, Luigi",An Mathilde,1955,0,1,10,4,6,5,3,9,2,8,7,11
"Dallapiccola, Luigi",Canti di Liberazione,1951-55,0,1,5,8,10,4,3,7,9,2,11,6
"Dallapiccola, Luigi",Cinque canti,1956,0,11,5,8,6,2,7,3,1,4,10,9
"Dallapiccola, Luigi",Cinque fragment di Saffo No. 4,1942,0,2,8,6,7,9,10,3,1,11,4,5
"Dallapiccola, Luigi",Commiato,1972,0,6,5,3,9,11,10,8,7,1,2,4
"Dallapiccola, Luigi",Dialoghi,1959-1960,0,1,10,2,6,4,5,3,7,11,8,9
"Dallapiccola, Luigi","Due studi, 'Fanfare'",1951,0,1,7,9,10,3,4,2,8,11,6,5
"Dallapiccola, Luigi",Goethe-Lieder No.2,1953,0,1,11,9,3,8,6,7,2,5,4,10
"Dallapiccola, Luigi","Il Prigioniero, ""Hope""",1949,0,1,2,3,11,5,4,10,6,7,9,8
"Dallapiccola, Luigi","Il Prigioniero, ""Liberty""",1949,0,2,5,8,10,1,3,6,9,11,4,7
"Dallapiccola, Luigi",Il prigioniero,1944-8,0,3,6,11,9,2,1,7,8,4,5,10
"Dallapiccola, Luigi",Liriche greche c: Sex Carmina Alcaei,1943,0,3,5,6,2,9,8,7,4,1,10,11
"Dallapiccola, Luigi",Piccola musica notturna,1954,0,9,1,3,4,11,2,8,7,5,10,6
"Dallapiccola, Luigi",Preghiere,1962,0,11,2,3,8,9,7,6,1,5,4,10
"Dallapiccola, Luigi",Quaderno musicale di Annalibera,1952,0,1,5,8,10,4,3,7,9,2,11,6
"Dallapiccola, Luigi","Quattro liriche di Antonio Machado, i, iv",1948,0,3,5,6,8,9,11,10,7,4,2,1
"Dallapiccola, Luigi","Quattro liriche di Antonio Machado, ii",1948,0,1,4,6,7,9,10,11,2,3,5,8
"Dallapiccola, Luigi",Requiescant,1957-58,0,2,1,3,4,6,7,9,8,10,5,11
"Dallapiccola, Luigi",Sicut umbra,1970,0,1,2,8,6,5,3,9,4,7,10,11
"Dallapiccola, Luigi","Tempus, 'Exhortatio'",1970-1,0,11,9,3,5,6,4,7,8,2,1,10
"Dallapiccola, Luigi","Tempus, 'Ploratus'",1970-1,0,1,7,6,10,4,3,2,5,11,9,8
"Dallapiccola, Luigi",Tre poemi,1948,0,8,9,6,3,1,2,11,7,5,4,10
"Dallapiccola, Luigi",Variazioni per orchestra,1954,0,1,5,8,10,4,3,7,9,2,11,6
"Davies, Peter Maxwell","Five Pieces for Piano, Op. 2, No. 1",1956,0,6,11,10,1,3,5,8,7,2,4,9
"Davies, Peter Maxwell","Five Pieces for Piano, Op. 2, No. 2",1956,0,7,11,1,3,5,8,6,4,9,10,2
"Davies, Peter Maxwell","Sonata for Trumpet and Piano, Op.1",1955,0,7,6,2,11,10,8,9,1,5,3,4
"Denisov, Edison","Concerto for Guitar and Orchestra, Row 1",1991,0,6,10,4,8,2,3,9,1,7,11,5
"Denisov, Edison","Concerto for Guitar and Orchestra, Row 2",1991,0,11,5,8,9,10,6,7,1,2,4,3
"Denisov, Edison","Five Etudes for Solo Bassoon, row A",1983,0,6,1,7,8,3,2,9,10,5,11,4
"Denisov, Edison","Five Etudes for Solo Bassoon, row B",1983,0,11,6,5,4,10,9,3,2,7,1,8
"Denisov, Edison","Five Etudes for Solo Bassoon, row C",1983,0,6,11,5,4,10,9,3,2,7,1,8
"Denisov, Edison","Five Etudes for Solo Bassoon, row D",1983,0,6,1,7,8,3,2,9,10,11,5,4
"Denisov, Edison","Five Etudes for Solo Bassoon, row E",1983,0,1,7,6,5,11,10,4,3,8,2,9
"Denisov, Edison","Five Etudes for Solo Bassoon, row F",1983,0,6,1,7,3,2,8,9,10,5,11,4
"Denisov, Edison","Five Etudes for Solo Bassoon, row G",1983,0,11,5,10,4,3,9,8,2,1,6,7
"Denisov, Edison","Five Etudes for Solo Bassoon, row H",1983,0,6,1,2,8,3,7,9,10,5,11,4
"Denisov, Edison","Five Etudes for Solo Bassoon, row I",1983,0,6,1,7,2,8,3,10,5,11,9,4
"Denisov, Edison","Five Etudes for Solo Bassoon, row J",1983,0,6,5,11,4,10,9,3,2,7,1,8
"Denisov, Edison","Octet for Winds, mvt 2, row A",1991,0,1,3,2,4,5,8,7,6,11,9,10
"Denisov, Edison","Octet for Winds, mvt 2, row B",1991,0,6,11,5,4,10,9,3,2,8,1,7
"Denisov, Edison","Sonata for Alto Saxophone and Piano, mvt 3, row A",1970,0,1,10,9,11,6,7,8,5,4,2,3
"Denisov, Edison","Sonata for Alto Saxophone and Piano, mvt 3, row B",1970,0,4,7,11,3,6,9,2,5,8,1,10
"Denisov, Edison",Variations,1961,0,1,9,6,8,10,4,3,7,11,5,2
"Dessau, Paul",Les Voix,1939,0,11,6,8,9,3,4,10,5,7,2,1
"Diamond, David","The World of Paul Klee, frame I",1958,0,5,8,4,9,3,1,11,2,6,10,7
"Diamond, David","The World of Paul Klee, frame I, II",1958,0,7,11,3,4,10,6,8,9,1,5,2
"Fano, Michel", Sonata for Two Pianos,1951,0,6,10,7,9,8,3,2,4,1,5,11
"Fine, Irving",Fantasia for String Trio,1957,0,2,6,3,1,11,8,9,4,5,10,7
"Fine, Vivian",Chaconne for piano,1947,0,11,1,10,2,9,3,8,4,7,5,6
"Fine, Vivian","Four Songs, No. 1, ""The Lover in Winter Plaineth For The Spring""",1933,0,10,2,7,6,9,11,8,4,5,1,3
"Fine, Vivian","Four Songs, No. 2, ""Comfort To A Youth That Had Lost His Love""",1933,0,1,2,6,9,10,11,3,5,4,7,8
"Finney, Ross Lee",Concerto for Alto Sax,1974,0,1,3,4,6,9,11,10,8,7,5,2
"Finney, Ross Lee",Fantasy in Two Movements for solo violin,1958,0,1,3,5,4,2,11,10,8,6,7,9
"Finney, Ross Lee",Sonata Quasi una Fantasia,1961,0,1,3,2,4,5,6,7,9,8,10,11
"Frankel, Benjamin",The Curse of the Werewolf,1961,0,3,2,1,4,8,11,5,10,7,6,9
"Gerhard, Roberto",Capriccio for Solo Flute,1949,0,11,9,3,1,10,8,6,4,7,2,5
"Gerhard, Roberto","Concerto for Harpsichord, String Orchestra, and Percussion",1955-56,0,2,8,7,11,5,1,4,3,6,9,10
"Gerhard, Roberto",Concerto for Piano and String Orchestra,1951,0,4,1,11,10,3,6,5,9,8,2,7
"Gerhard, Roberto",Concerto for Violin and Orchestra,1942-43,0,8,7,1,11,10,5,9,4,6,3,2
"Gerhard, Roberto",Sonata for Cello and Piano,1956,0,2,10,11,5,6,4,3,7,8,1,9
"Gerhard, Roberto",String Quartet,1950-55,0,7,8,2,6,10,9,11,4,5,1,3
"Gerhard, Roberto",String Quartet no. 2,1961,0,1,5,2,8,7,10,9,6,11,4,3
"Gerhard, Roberto",Symphony no. 1,1952-53,0,11,8,5,10,9,6,3,4,2,1,7
"Gerhard, Roberto",Symphony no. 2,1957-59,0,8,1,7,5,6,10,11,2,3,9,4
"Gerhard, Roberto",The Plague,1963-64,0,1,9,11,8,10,4,5,6,2,3,7
"Gerhard, Roberto",Three Impromptus,1950,0,8,1,10,4,6,7,5,3,2,9,11
"Gielen, Michael","Six Songs, for bass, violin, viola, clarinet, bass clarinet, and piano",1958,0,5,1,4,2,3,9,8,10,7,11,6
"Ginastera, Alberto","Cantata para América Mágica, Op.27",1960,0,7,6,5,10,11,8,1,2,9,4,3
"Ginastera, Alberto","Don Rodrigo, op. 31, Row Class 1",1963-64,0,1,6,7,8,2,10,11,5,4,9,3
"Ginastera, Alberto","Don Rodrigo, op. 31, Row Class 2",1963-64,0,11,2,3,4,1,6,5,8,9,10,7
"Ginastera, Alberto","Don Rodrigo, op. 31, Row Class 4",1963-64,0,9,10,11,6,5,8,7,2,3,4,1
"Ginastera, Alberto","Don Rodrigo, op. 31, Row Class 5",1963-64,0,1,7,6,5,11,2,8,9,10,4,3
"Ginastera, Alberto","Don Rodrigo, op. 31, Row Class 7",1963-64,0,1,8,2,7,6,5,11,9,10,4,3
"Ginastera, Alberto","Don Rodrigo, op. 31, Row Class 8",1963-64,0,1,7,6,8,9,3,2,4,5,11,10
"Ginastera, Alberto","Don Rodrigo, op. 31, Row Class 9",1963-64,0,11,3,4,7,10,6,5,9,1,2,8
"Ginastera, Alberto","Piano Concerto, No. 1, Op. 28",1961,0,11,5,1,8,2,5,6,10,4,9,3
"Ginastera, Alberto","Quintet, Op. 29, Row Class III 1",1963,0,11,1,8,2,7,10,3,9,4,6,5
"Ginastera, Alberto","Quintet, Op. 29, Row Class III 2",1963,0,11,1,8,2,7,5,6,4,9,3,10
"Ginastera, Alberto","Quintet, Op. 29, Row Class V",1963,0,5,4,7,3,2,6,9,8,1,10,11
"Ginastera, Alberto","Quintet, Op. 29, Row Class VII 1",1963,0,9,10,11,4,3,6,2,1,5,8,7
"Ginastera, Alberto","Quintet, Op. 29, Row Class VII 2",1963,0,11,1,8,2,7,5,6,4,9,3,10
"Ginastera, Alberto","Quintet, Op. 29, Row Class VII S",1963,0,11,1,10,2,9,3,8,4,7,5,6
"Ginastera, Alberto","Quintet, Op. 29, mvt.III",1963,0,7,3,10,2,6,9,1,4,8,11,5
"Ginastera, Alberto","Sonata for Cello and Piano, Op. 49",1979,0,3,2,1,10,11,8,9,5,4,7,6
"Ginastera, Alberto","Sonata for Guitar, op.47, mvts. II and III, Row Class II 1",1976,0,11,10,9,8,7,6,5,4,3,2,1
"Ginastera, Alberto","Sonata for Guitar, op.47, mvts. II and III, Row Class II 2",1976,0,3,6,9,2,5,8,11,4,7,10,1
"Ginastera, Alberto","Sonata for Guitar, op.47, mvts. II and III, Row Class II 3",1976,0,9,3,2,11,6,5,1,8,7,4,10
"Ginastera, Alberto","Sonata for Guitar, op.47, mvts. II and III, Row Class II 4",1976,0,2,1,5,3,4,7,8,6,10,9,11
"Ginastera, Alberto","Sonata for Guitar, op.47, mvts. II and III, Row Class II 5",1976,0,7,1,6,4,11,5,10,8,3,9,2
"Ginastera, Alberto","Sonata for Guitar, op.47, mvts. II and III, Row Class II 6",1976,0,11,4,3,8,7,1,2,9,10,5,6
"Ginastera, Alberto","Sonata for Guitar, op.47, mvts. II and III, Row Class II 7",1976,0,9,10,11,8,7,6,3,4,5,2,1
"Ginastera, Alberto","Sonata for Guitar, op.47, mvts. II and III, Row Class III",1976,0,11,7,4,2,9,3,8,10,1,5,6
"Ginastera, Alberto","Sonata for Guitar, op.47, mvts. II and III, Row Class III S",1976,0,6,11,5,8,2,7,1,4,10,3,9
"Ginastera, Alberto","String Quartet No. 2, Op. 26",1958,0,5,11,2,8,1,9,10,7,4,3,6
"Ginastera, Alberto","Turbae ad Passionem Gregorianam, Op. 43, mvt II",1974,0,5,1,7,6,11,8,2,3,4,9,10
"Ginastera, Alberto","Violin Concerto, Op. 30",1963,0,11,2,3,4,1,6,5,8,9,10,7
"Goehr, Alexander","Little Symphony, Op. 15",1963,0,3,7,10,6,4,5,2,9,8,11,1
"Goehr, Alexander","Piano Trio, Op.20",1966,0,6,7,4,3,8,5,9,11,2,10,1
"Goehr, Alexander","Sonata in One Movement, Op.2",1953-55,0,2,7,1,3,10,6,9,11,8,5,3
"Goehr, Alexander","Violin Concerto, Op. 13",1962,0,8,2,1,3,11,5,10,7,6,4,9
"Goeyvaerts, Karel",'Opus 2 for 13 Instruments' aka 'Nummer 2',1951,0,7,6,5,8,9,4,3,10,11,2,1
"Goeyvaerts, Karel","Sonata for Two Pianos, aka 'Opus 1', 'Nummer 1'",1950–51,0,8,1,11,10,4,6,5,2,7,3,9
"Harrison, Lou",A Twelve-Tone Morning After to Amuse Henry,1944-45,0,2,3,4,9,8,7,10,11,6,5,1
"Harrison, Lou",Rapunzel,1952,0,11,4,3,7,6,10,9,2,1,8,5
"Harrison, Lou",Suite for Piano,1943,0,1,6,2,5,7,11,4,9,8,10,3
"Harrison, Lou",Symphony on G,1947-1964,0,1,5,4,3,10,11,7,6,2,9,8
"Harrison, Lou",Untitled Piano Piece,1937,0,10,4,3,9,7,2,8,6,1,11,5
"Hauer, Josef Matthias",Nomos,1919,0,5,7,3,9,6,11,2,8,4,1,10
"Husa, Karel",Mosaïques,1960,0,6,4,3,2,9,10,5,7,8,11,1
"Husa, Karel","Poème for Viola and Chamber Orchestra, mvt 1",1959,0,6,5,7,8,11,9,10,3,4,2,1
"Husa, Karel","Poème for Viola and Chamber Orchestra, mvt 2",1959,0,1,11,10,5,8,6,7,9,3,2,4
"Husa, Karel","Poème for Viola and Chamber Orchestra, mvt 3",1959,0,3,1,2,4,10,9,11,7,8,6,5
"Ives, Charles",On the Antipodes,1915-23,0,3,11,8,4,7,10,9,6,2,5,1
"Ives, Charles","String Quartet No.2, mvt 2",1913,0,1,2,11,3,7,10,4,6,8,9,5
"Ives, Charles",Tone Roads No. 1,1911,0,10,3,4,2,7,6,9,8,11,1,5
"Ives, Charles",Tone Roads No. 3,1915,0,11,1,3,2,10,5,8,4,7,6,9
"Johnston, Ben",String Quartet No. 6,1980,0,5,10,9,3,7,11,6,1,2,8,4
"Johnston, Ben","String Quartet No. 7, mov. 2",1984,0,5,10,8,4,7,2,6,1,11,3,9
"Kahn, Erich Itor",Short Piano Piece,1951,0,3,11,10,8,6,2,7,9,4,5,1
"Klein, Fritz","Die Maschine: Eine extonale Selbstsatire, Op.1",1921,0,11,7,4,2,9,3,8,10,1,5,6
"Klein, Fritz",Variations for Piano,1924,0,1,5,11,8,4,9,3,2,10,7,6
"Kokkonen, Joonas","Cello Concerto, mov. 2, row ""II/A""",1969,0,2,7,4,3,5,6,1,11,8,10,9
"Kokkonen, Joonas","Cello Concerto, mov. 2, row ""II/B""",1969,0,2,3,1,4,5,7,8,6,9,10,11
"Kokkonen, Joonas","Cello Concerto, mov. 2, row ""II/C""",1969,0,9,11,10,7,2,6,3,5,4,1,8
"Kokkonen, Joonas","Symphonic Sketches, mov. 3, row ""III/A""",1968,0,2,1,3,8,7,5,6,4,11,9,10
"Kokkonen, Joonas","Woodwind Quintet, mov. 1, rows ""I/A"" and ""I/B""",1973/5,0,2,11,9,10,1,3,6,4,5,7,8
Krenek,"Monologue for Solo Clarinet, Op. 157",1956,0,1,11,2,10,5,4,7,6,3,8,9
"Krenek, Ernst",Eight Piano Pieces,1946,0,10,1,7,6,11,5,8,3,9,2,4
"Krenek, Ernst",Karl V,1938,0,3,1,6,2,10,9,8,11,7,5,4
"Krenek, Ernst","Karl V, King Francis Row",1938,0,10,5,6,11,3,9,4,2,7,1,8
"Krenek, Ernst","Kette, Kreis, und Spiegel (Circle, Chain and Mirror), Op.160",1956-57,0,5,6,9,8,4,10,7,11,3,1,2
"Krenek, Ernst","Lamentatio Jeremiae Prophetae, Op. 93, row 1",1941,0,2,4,5,8,10,6,7,9,11,1,3
"Krenek, Ernst","Lamentatio Jeremiae Prophetae, Op. 93, row 2",1941,0,2,3,6,8,10,5,7,9,11,1,4
"Krenek, Ernst","Lamentatio Jeremiae Prophetae, Op. 93, row 3",1941,0,1,4,6,8,10,5,7,9,11,2,3
"Krenek, Ernst","Lamentatio Jeremiae Prophetae, Op. 93, row 4",1941,0,3,5,7,9,11,6,8,10,1,2,4
"Krenek, Ernst","Lamentatio Jeremiae Prophetae, Op. 93, row 5",1941,0,2,4,6,8,9,5,7,10,11,1,3
"Krenek, Ernst","Lamentatio Jeremiae Prophetae, Op. 93, row 6",1941,0,2,4,6,7,10,5,8,9,11,1,3
"Krenek, Ernst","Quaestio temporis, Op. 170",1959,0,3,11,4,2,1,7,8,10,5,9,6
"Krenek, Ernst","Sechs Vermessene, Op. 168",1958,0,3,1,6,2,4,10,5,9,7,8,11
"Krenek, Ernst","Sestina, Op. 161",1957,0,8,11,10,4,6,7,1,5,3,9,2
"Krenek, Ernst","Sonata for Viola and Piano, Op. 117",1948,0,10,3,6,2,1,11,9,5,8,7,4
"Krenek, Ernst","Sonata no. 3, Op. 92 no. 4",1942,0,10,5,8,3,2,6,7,1,9,11,4
"Krenek, Ernst","Sonatine for Flute and Viola, Op. 92/2a",1942,0,11,9,2,1,8,7,6,4,5,3,10
"Krenek, Ernst","String Quartet No. 6, Op. 78",1936,0,10,11,8,1,9,3,7,2,4,6,5
"Krenek, Ernst","String Quartet No. 7, Op. 96",1943-44,0,7,6,11,9,1,4,10,8,5,2,3
"Krenek, Ernst",Studies in Counterpoint,1940,0,4,3,11,10,9,1,7,8,6,2,5
"Krenek, Ernst","Suite, Op. 84 for solo cello",1939,0,4,3,11,10,9,1,7,8,6,2,5
"Krenek, Ernst","Symphonic Elegy for String Orchestra, Op.105",1946,0,1,9,11,10,2,3,7,6,8,4,5
"Krenek, Ernst","Symphonic Piece for string Orchestra, Op. 86",1939,0,3,4,10,2,9,11,8,7,5,1,6
"Krenek, Ernst",Twelve Short Piano-Pieces Op. 83,1938,0,9,4,5,6,7,3,10,1,8,11,2
"Krenek, Ernst",Zwölf Variationen in Drei Satzen,1937,0,1,3,10,2,5,11,7,4,9,6,8
"Kurtág, György"," The Sayings of Péter Bornemisza, Op.7",1963,0,11,7,8,9,1,2,10,3,4,5,6
"Leibowitz, René","String Quartet no.3, Op. 26",1951,0,8,9,7,6,1,2,5,4,10,11,3
"Leibowitz, René","Trois pièces pour piano, Op. 19",1949,0,4,3,1,2,5,6,9,10,8,7,11
"Lewin, David","Just a Minute, Roger",1978,0,11,4,5,7,3,2,6,8,1,10,9
"Ligeti, György",Le Grand Macabre,"1975–77,1996",0,6,5,11,10,4,9,3,2,8,7,1
"Lutosławski, Witold",Musique Funébre (Funeral Music),1954-58,0,6,5,11,10,4,3,9,8,2,1,7
"Lutyens, Elisabeth","Essence Of Our Happinesses Op.69, mvt II, Part I",1968,0,11,1,10,2,3,8,9,5,6,4,7
"Lutyens, Elisabeth",Five Little Pieces for Clarinet and Piano,1945,0,8,4,1,10,2,9,3,5,6,11,7
"Lutyens, Elisabeth",Islands Op.80,1970,0,11,7,3,8,10,9,6,4,5,1,2
"Lutyens, Elisabeth","Motet (Excerota Tractati Logico-Philosophici), Op.27",1951,0,11,3,7,8,4,2,6,5,1,9,10
"Lutyens, Elisabeth","O Saisons, O Châteaux!",1946,0,11,10,4,8,9,3,7,6,5,2,1
"Lutyens, Elisabeth","Présages, Op. 53",1965,0,1,11,2,10,8,5,3,4,7,9,6
"Lutyens, Elisabeth",Quincunx Op.44,1960,0,6,11,1,5,2,7,3,4,9,10,8
"Lutyens, Elisabeth","Six Tempi for 10 Instruments, Op. 42",1957,0,6,7,8,5,3,4,11,10,9,1,2
"Lutyens, Elisabeth","The Numbered, Altered Primary Row (swap pitches 2 and 3)",1967,0,11,10,1,2,9,3,4,8,5,7,6
"Lutyens, Elisabeth","The Numbered, Primary Row",1967,0,10,11,1,2,9,3,4,8,5,7,6
"Lutyens, Elisabeth",The Valley of Hatsu'se,1965,0,6,11,10,8,7,9,1,3,2,4,5
"Lutyens, Elisabeth",Three Improvisations for Piano Solo,1948,0,6,9,7,8,3,4,1,10,5,11,2
"Lutyens, Elisabeth","Time Off? Not a Ghost of a Chance!, Op.68",1967-8,0,11,1,5,2,4,9,8,3,7,6,10
"Maderna, Bruno",Quartetto,1955,0,7,2,3,6,9,10,1,4,5,8,11
"Mamlok, Ursula",Five Intermezzi for guitar solo,1984-90,0,3,6,11,2,5,1,10,7,4,8,9
"Mamlok, Ursula","Haiku Settings, no. 5",1967,0,11,8,7,4,3,5,6,9,10,1,2
"Mamlok, Ursula",Panta Rhei,1981,0,7,4,11,8,3,10,9,6,2,5,1
"Mamlok, Ursula","Panta Rhei, secondary row (mvt 4, Piano)",1981,0,11,8,3,4,7,2,1,6,9,10,5
"Mamlok, Ursula","Variations for Solo Flute, theme",1961,0,2,1,11,7,3,5,6,4,10,8,9
"Martino, Donald",Fantasy Variations,1962,0,3,1,10,2,8,11,5,6,9,7,4
"Martino, Donald",Notturno (Row A),1973,0,11,10,2,6,1,5,9,4,8,3,7
"Martino, Donald",Notturno (Row B),1973,0,7,11,10,9,8,2,1,6,3,4,5
"Messiaen, Olivier","Mode de valeurs et d'intensités, Series 1",1949,0,11,6,5,4,3,1,10,9,7,2,8
"Messiaen, Olivier","Mode de valeurs et d'intensités, Series 3",1949,0,11,6,4,3,9,5,2,8,1,7,10
"Moevs, Robert",Ludi Praeteriti: Games of the Past for two pianos,1976,0,11,8,7,6,3,2,1,9,10,4,5
"Moevs, Robert",Musica da Camera,1965,0,1,11,3,4,2,9,10,8,7,5,6
"Moevs, Robert","Three Pieces for violin and piano, mvt II",1982,0,4,8,9,3,2,10,11,7,6,5,1
"Morris, Robert",14 Little Piano Pieces,2002,0,5,1,9,10,11,2,7,3,4,6,8
"Morris, Robert",Along a Rocky Path,1993,0,9,10,3,4,2,8,1,6,7,11,5
"Morris, Robert",Arabesque,1979,0,6,7,1,3,10,8,9,4,5,11,2
"Morris, Robert",Arc,1988,0,1,8,2,4,3,11,10,6,7,5,9
"Morris, Robert",Badlands,1991,0,5,6,9,4,7,1,8,3,11,2,10
"Morris, Robert",Beautiful Beast,2007,0,1,3,6,5,10,7,4,9,8,11,2
"Morris, Robert","Broken Consort in Three Parts, Row 1",1994,0,1,3,7,11,10,2,8,6,5,9,4
"Morris, Robert","Broken Consort in Three Parts, Row 2",1994,0,11,3,10,6,7,9,1,5,4,8,2
"Morris, Robert","Broken Consort in Three Parts, Row 3",1994,0,11,3,9,7,6,10,5,1,2,4,8
"Morris, Robert",Brush,2011,0,11,6,10,7,8,3,2,5,4,9,1
"Morris, Robert",By Far,1995,0,1,4,11,3,2,6,7,5,10,8,9
"Morris, Robert",Canonic Variations,1992,0,3,11,1,4,8,5,6,9,10,2,7
"Morris, Robert",Clash,1987,0,3,11,10,8,1,7,9,2,6,4,5
"Morris, Robert",Cold Mountain Songs,1993,0,1,2,5,6,3,7,8,10,9,11,4
"Morris, Robert",Concerto for Piano and Strings,1994,0,1,6,11,7,5,10,8,4,3,2,9
"Morris, Robert",Concerto for Piano and Winds,1988,0,1,4,7,8,10,11,2,5,6,9,3
"Morris, Robert",Cuts,1984,0,10,11,7,3,8,6,9,4,5,1,2
"Morris, Robert",Entanglements,1998,0,3,10,5,11,6,1,7,9,2,8,4
"Morris, Robert",Exchanges,1982,0,4,3,1,9,5,8,6,2,10,11,7
"Morris, Robert",Four Fold Heart Sutra,1984,0,6,7,2,11,1,10,4,9,5,8,3
"Morris, Robert",Four Play Nine,2012,0,3,2,1,8,7,10,5,4,11,6,9
"Morris, Robert",Four Tangled Groves,2008,0,8,11,2,7,9,10,5,4,1,3,6
"Morris, Robert",Four or Five Mirrors,1990,0,11,2,3,7,1,6,5,9,8,10,4
"Morris, Robert",In Variations,1981,0,2,9,11,5,3,4,6,10,8,7,1
"Morris, Robert",Inscape,1996,0,1,10,7,11,5,9,4,2,3,8,6
"Morris, Robert",Inter Alia,1980,0,1,11,5,3,4,9,10,8,2,7,6
"Morris, Robert",Knot Lilacs,2006,0,1,4,2,9,5,11,3,8,10,7,6
"Morris, Robert",MA,1992,0,1,5,6,4,11,8,7,9,2,10,3
"Morris, Robert",Night Sky Scroll,1985,0,11,4,3,9,5,8,2,1,7,6,10
"Morris, Robert",Not Lilacs,1974,0,1,4,2,9,5,11,3,8,10,7,6
"Morris, Robert",On the Go,1999,0,9,2,3,5,8,10,11,1,4,7,6
"Morris, Robert",Out and Out,1989,0,11,6,3,7,9,5,8,1,2,10,4
"Morris, Robert","Pari Passu, row 1",1988,0,6,10,11,2,3,9,1,7,8,4,5
"Morris, Robert",Refrains,1995,0,3,4,2,6,10,1,8,11,7,5,9
"Morris, Robert","Roundelay, row 1",2007,0,7,4,11,9,2,6,3,10,5,8,1
"Morris, Robert","Roundelay, row 2",2007,0,5,9,7,8,10,4,11,1,6,2,3
"Morris, Robert","Roundelay, row 3",2007,0,10,9,3,4,6,8,11,2,7,1,5
"Morris, Robert","Roundelay, row 4",2007,0,3,11,10,7,2,6,9,5,4,1,8
"Morris, Robert","Roundelay, row 5",2007,0,3,11,4,1,2,8,10,5,9,7,6
"Morris, Robert","Roundelay, row 6",2007,0,10,5,11,4,6,8,7,2,3,9,1
"Morris, Robert",Something New,1998,0,9,4,8,11,7,3,6,10,5,2,1
"Morris, Robert","Strange Flowers, Occasional Storms",2008,0,1,8,3,5,4,10,6,9,7,11,2
"Morris, Robert",Sung Song,2002,0,3,7,6,9,2,10,5,1,8,4,11
"Morris, Robert",Terrane,1989,0,11,1,3,2,5,6,4,9,7,8,10
"Morris, Robert",Three Musicians,1989,0,9,7,6,8,1,11,2,4,5,3,10
"Morris, Robert",Tigers and Lilies,1979,0,1,7,2,8,10,5,3,4,9,6,11
"Morris, Robert",Traces,1990,0,11,10,4,9,6,3,8,5,7,2,1
"Morris, Robert",Twelve Bell Canons,2004,0,11,2,10,3,5,9,1,4,7,8,6
"Morris, Robert",Tête‐à‐Tête,1999,0,3,11,10,1,8,2,6,9,5,4,7
"Morris, Robert",Vignette,1999,0,3,11,10,7,8,5,2,1,8,9,4
"Morris, Robert",Zoe,1996,0,8,6,3,1,9,7,10,4,2,5,11
"Morris, Robert",…gradually…,2010,0,1,8,3,5,4,6,7,9,11,2,10
"Musgrave, Thea","Triptych, Song 1",1959,0,11,9,6,5,2,10,1,8,7,3,4
"Nichols, Jeff","...its darkening opposite, or Set Portrait in a Convex Mirror",2008,0,4,8,7,11,2,3,6,1,9,10,5
"Nono, Luigi",Canti per tredeci,1955,0,1,11,2,10,3,9,4,8,5,7,6
"Nono, Luigi",Composizione per orchestra No. 1,1951,0,1,7,6,2,8,4,3,5,10,11,9
"Nono, Luigi",Cori di Didone,1958,0,1,11,2,10,3,9,4,8,5,7,6
"Nono, Luigi",Ha venido,1960,0,6,1,7,2,8,3,9,4,10,5,11
"Nono, Luigi",Il canto sospeso,1955-56,0,1,11,2,10,3,9,4,8,5,7,6
"Nono, Luigi",Incontri,1955,0,2,3,8,9,6,4,5,7,11,1,10
"Nono, Luigi","Intolleranza, Alto",1960,0,6,7,1,2,8,9,3,4,10,11,5
"Nono, Luigi","Intolleranza, Baritone",1960,0,2,7,9,4,6,11,1,8,10,3,5
"Nono, Luigi","Intolleranza, Soprano 1",1960,0,3,4,7,8,5,6,9,10,1,2,11
"Nono, Luigi","Intolleranza, Soprano 2",1960,0,1,2,7,6,11,10,5,4,9,10,3
"Nono, Luigi","Intolleranza, Tenor 1",1960,0,6,11,5,10,4,9,3,8,2,7,1
"Nono, Luigi","Intolleranza, Tenor 2",1960,0,1,3,2,4,5,7,6,8,9,11,10
"Nono, Luigi","La terra e la compagna (sketch), Series 1",1957,0,1,11,2,10,3,9,4,8,5,7,6
"Nono, Luigi","La terra e la compagna (sketch), Series 2",1957,0,6,1,7,11,5,2,8,10,4,3,9
"Nono, Luigi","La terra e la compagna (sketch), Series 3",1957,0,9,6,3,1,4,7,10,11,8,5,2
"Nono, Luigi","La terra e la compagna (sketch), Series 4",1957,0,2,9,5,6,8,3,11,1,10,4,7
"Nono, Luigi","La terra e la compagna (sketch), Series 5",1957,0,7,2,4,9,10,5,1,6,11,8,3
"Nono, Luigi","La terra e la compagna (sketch), Series 6",1957,0,3,7,8,2,11,4,6,9,1,10,5
"Nono, Luigi","La terra e la compagna (sketch), Series 7",1957,0,5,3,10,7,1,8,9,2,6,11,4
"Nono, Luigi","La terra e la compagna (sketch), Series 8",1957,0,4,5,11,3,6,10,2,7,9,1,8
"Nono, Luigi",Sarà dolce tacere,1960,0,10,5,3,8,6,1,11,4,2,9,7
"Nono, Luigi",Variazioni canoniche sulla serie dell'op. 41 di Arnold Schönberg,1950,0,1,9,8,4,5,7,6,10,11,3,2
"Panufnik, Andrzej","Sinfonia di Sfere (Symphony No.5), Chord 1",1975,0,4,8,11,3,7,10,2,6,9,1,5
"Panufnik, Andrzej","Sinfonia di Sfere (Symphony No.5), Chord 2",1975,0,3,6,9,11,2,5,8,10,1,4,7
"Papaioannou, Yannis",12 Inventions and Toccatta,1958,0,2,5,6,1,3,8,9,11,7,4,10
"Papaioannou, Yannis",Pygmalion,1952,0,2,7,5,8,11,9,6,10,3,1,4
"Papaioannou, Yannis",Sonata,1958,0,2,9,8,1,6,4,3,11,10,7,5
"Papaioannou, Yannis","Songs of the Lake, basic series",1950,0,4,5,9,8,3,11,10,2,1,6,7
"Papaioannou, Yannis","Songs of the Lake, no. 1",1950,0,8,5,7,6,11,2,10,1,3,9,4
"Papaioannou, Yannis","Songs of the Lake, no. 2",1950,0,7,4,6,5,1,9,2,8,10,3,11
"Papaioannou, Yannis","Songs of the Lake, no. 3",1950,0,11,8,1,6,7,2,10,3,4,9,5
"Papaioannou, Yannis","Songs of the Lake, no. 4",1950,0,5,11,9,6,10,7,2,3,1,4,8
"Papaioannou, Yannis","Suite, ""XP""",1958,0,4,2,1,6,8,3,9,7,10,5,11
"Papaioannou, Yannis","Suite, ""YP""",1958,0,10,9,8,1,4,5,7,3,6,2,11
"Papaioannou, Yannis","Suite, Basic row",1958,0,1,3,10,4,6,9,5,2,8,7,11
"Papaioannou, Yannis",Symphony no. 3,1953,0,1,5,6,9,11,8,7,3,10,2,4
"Payne, Antony",Miniature Variations on a Theme of E.L.,1984,0,6,11,10,8,7,9,1,3,2,4,5
"Pentland, Barbara",String Quartet No. 3,1969,0,11,3,6,5,9,10,8,1,2,7,4
"Pousseur, Henri",Trois Chants Sacrés,1951,0,10,11,4,1,5,9,6,3,7,2,8
"Pärt, Arvo",Diagrams,1964,0,11,2,1,3,4,9,10,7,8,6,5
"Pärt, Arvo",Perpetuum Mobile,1963,0,11,10,5,6,9,7,1,2,8,3,4
"Pärt, Arvo",Symphony No. 1,1963,0,1,2,7,6,3,5,11,10,4,9,8
"Pärt, Arvo",Symphony No. 2,1966,0,3,1,2,4,7,5,6,8,11,9,10
"Reynolds, Roger",Ambages,1965,0,1,4,5,7,6,8,9,10,11,2,3
"Rochberg, George",Sonata-Fantasia,1956,0,11,10,4,5,6,9,8,7,1,2,3
"Rochberg, George",String Quartet No. 2 with soprano solo,1961,0,11,6,5,1,2,8,7,3,4,9,10
"Rochberg, George",Symphony no. 2,1955–56,0,8,1,4,9,5,6,2,3,10,11,7
"Rochberg, George","Twelve Bagatelles, i",1952,0,1,7,11,5,4,10,2,6,3,8,9
"Ruggles, Carl",Evocations II (Series X),1941,0,1,7,2,8,9,11,10,5,6,4,3
"Santoro, Claudio","A Menina Boba, ""A Menina Exausta""",1945/71,0,5,10,7,3,11,1,8,2,9,6,4
"Santoro, Claudio","A Menina Boba, ""Asa Ferida""",1945,0,9,10,11,3,5,4,6,2,7,8,1
"Santoro, Claudio",Invenções a duas vozes (Two-Part inventions),1942,0,2,3,6,7,11,1,9,4,8,5,10
"Santoro, Claudio",Peças para Piano,1943,0,11,4,5,1,9,2,3,7,8,6,10
"Santoro, Claudio",Preludes 18–20,1963,0,9,1,3,2,8,10,4,6,5,7,11
"Santoro, Claudio",Six Piano Pieces,1946,0,10,4,1,11,2,5,6,3,9,7,8
"Santoro, Claudio",Sonata 1942,1942,0,2,3,6,7,11,1,9,4,8,5,10
"Santoro, Claudio",Sonata no. 1,1945,0,10,3,8,11,1,2,9,7,4,5,6
"Santoro, Claudio",Sonatina no. 2,1963,0,11,1,5,6,3,7,8,9,2,4,10
"Schnittke, Alfred","Concerto Grosso No. 3, (mvt 3, 4), row 10",1985,0,3,4,11,10,1,2,9,7,8,5,6
"Schnittke, Alfred","Concerto Grosso No. 3, (mvt 3, 4), row 6",1985,0,11,2,1,9,10,7,8,4,3,6,5
"Schnittke, Alfred","Concerto Grosso No. 3, (mvt 3, 4), row 7",1985,0,3,11,9,10,1,4,2,7,8,5,6
"Schnittke, Alfred","Concerto Grosso No. 3, (mvt 3, 4), row 8",1985,0,11,7,9,10,8,6,5,3,4,1,2
"Schnittke, Alfred","Concerto Grosso No. 3, (mvt 3, 4), row 9",1985,0,11,2,1,9,6,7,8,10,3,5,4
"Schnittke, Alfred","Concerto Grosso No. 3, monogram 1",1985,0,5,1,4,10,8,11,9,3,6,2,7
"Schnittke, Alfred","Concerto Grosso No. 3, monogram 2",1985,0,8,9,7,5,2,3,4,6,11,10,1
"Schnittke, Alfred","Concerto Grosso No. 3, monogram 3",1985,0,11,2,1,3,4,10,9,7,8,5,6
"Schnittke, Alfred","Concerto Grosso No. 3, monogram 4",1985,0,9,10,7,5,4,2,3,1,11,8,6
"Schnittke, Alfred","Concerto Grosso No. 3, monogram 5",1985,0,1,7,10,4,11,5,6,9,8,2,3
"Schnittke, Alfred","Concerto Grosso no. 1, mvt 2",1977,0,11,2,1,8,7,10,9,6,5,4,3
"Schnittke, Alfred","Concerto Grosso no. 1, mvt 3",1977,0,3,7,10,2,5,9,1,4,6,8,10
"Schnittke, Alfred",Concerto No. 2 for Violin and Chamber Orchestra,1966,0,11,1,2,10,3,4,9,5,6,8,7
"Schnittke, Alfred",Improvisation and Fugue for piano,1965,0,8,11,3,9,2,5,7,6,10,1,4
"Schnittke, Alfred","Piano Sonata No. 1, mvt 2, mm. 72–76",1987,0,6,5,11,10,4,3,9,8,2,1,7
"Schnittke, Alfred",Serenade,1968,0,1,7,3,10,9,8,6,5,11,4,2
"Schnittke, Alfred","Sonata No. 1 for Violin and Piano, mvt 1",1963,0,3,6,10,2,11,8,5,9,1,4,7
"Schnittke, Alfred","Sonata No. 1 for Violin and Piano, mvt 2",1963,0,3,6,10,2,11,6,9,1,4,8,5
"Schnittke, Alfred","Sonata No. 1 for Violin and Piano, mvt 3",1963,0,4,7,11,2,6,9,10,1,5,8,3
"Schnittke, Alfred","Sonata No. 1 for Violin and Piano, mvt 4",1963,0,4,7,3,6,10,9,5,1,2,8,11
"Schnittke, Alfred","Sonata No. 2 for Cello and Piano, mvt 2",1994,0,2,3,1,4,5,11,10,7,9,8,6
"Schnittke, Alfred","Sonata No. 2 for Cello and Piano, mvt 2, new row",1994,0,3,6,9,10,1,4,7,8,11,2,5
"Schnittke, Alfred","Sonata No. 3 for Violin and Piano, mvt 4",1994,0,3,5,4,6,7,8,2,1,9,10,11
"Schnittke, Alfred","String Quartet no. 4, mvt 2, m.190",1989,0,1,6,5,3,4,11,10,8,9,2,7
"Schnittke, Alfred","String Quartet no. 4, mvt 2, m.40",1989,0,5,10,3,2,7,8,1,6,11,4,9
"Schnittke, Alfred","String Quartet no. 4, mvt 4, m.122",1989,0,1,11,2,10,3,4,9,8,7,6,5
"Schnittke, Alfred","String Quartet no. 4, mvt 4, m.31",1989,0,11,9,10,8,7,6,5,3,4,2,1
"Schnittke, Alfred","Symphony No. 7, mvt 3, row X",1993,0,1,10,11,2,3,9,4,5,8,7,6
"Schnittke, Alfred","Symphony No. 7, mvt 3, row y",1993,0,1,11,10,8,9,7,6,5,4,3,2
"Schnittke, Alfred",Viola Concerto,1985,0,11,5,2,1,6,3,8,7,4,10,9
"Schnittke, Alfred",Violin Sonata 2,1968,0,10,11,9,6,8,7,5,4,1,2,3
"Schoenberg, Arnold","A Survivor From Warsaw, Op. 46",1947,0,1,6,2,10,9,5,4,11,3,7,8
"Schoenberg, Arnold","Accompaniment to a Film Scene, Op. 34",1930,0,3,11,1,10,9,6,8,7,5,2,4
"Schoenberg, Arnold",Die Jakobsleiter,1917/1922,0,1,4,3,7,6,11,2,10,9,5,8
"Schoenberg, Arnold","Fantasy for Violin and Piano, Op. 47",1949,0,11,3,1,7,9,5,6,2,4,10,8
"Schoenberg, Arnold","Five Piano Pieces, Op. 23, No. 5",1920/23,0,8,10,6,7,5,9,1,3,2,11,4
"Schoenberg, Arnold","Four Pieces for Mixed Chorus, No. 1, Op. 27 No. 1",1925,0,11,8,2,1,7,9,10,4,3,5,6
"Schoenberg, Arnold","Four Pieces for Mixed Chorus, No. 2, Op. 27 No. 2",1925,0,11,4,10,2,8,3,7,6,5,9,1
"Schoenberg, Arnold","Four Pieces for Mixed Chorus, No. 3, Op. 27 No. 3",1925,0,11,7,9,10,8,4,5,1,3,2,6
"Schoenberg, Arnold","Four Pieces for Mixed Chorus, No. 4, Op. 27 No. 4",1925,0,2,9,5,7,3,10,11,1,8,4,6
"Schoenberg, Arnold",Fragment for Piano (Four Hands),Year unknown,0,3,6,1,7,8,2,5,11,4,10,9
"Schoenberg, Arnold",Israel Exists Again,1949,0,3,4,9,11,5,2,1,10,8,6,7
"Schoenberg, Arnold","Modern Psalms, The First Psalm, Op. 50c",1950,0,11,8,4,7,3,1,5,2,6,9,10
"Schoenberg, Arnold",Moses und Aron,1930-1932,0,1,7,5,6,4,10,8,9,11,2,3
"Schoenberg, Arnold","Ode To Napoleon Buonaparte, Op. 41 (view 1)",1942,0,11,3,4,8,7,2,1,5,6,10,9
"Schoenberg, Arnold","Ode To Napoleon Buonaparte, Op. 41 (view 2)",1942,0,1,9,8,4,5,7,6,10,11,3,2
"Schoenberg, Arnold",Phantasia for Piano (Four Hands),Year unknown,0,4,2,5,3,7,11,10,1,8,9,6
"Schoenberg, Arnold","Piano Concerto, Op. 42",1942,0,7,11,2,1,9,3,5,10,6,8,4
"Schoenberg, Arnold","Prelude To A Suite From ""Genesis"", Op. 44",1945,0,8,4,7,6,2,1,10,3,5,11,9
"Schoenberg, Arnold","Psalm 130, De Profundis (unfinished), Op. 50B",1950,0,6,5,1,11,7,4,8,9,3,2,10
"Schoenberg, Arnold","Serenade, mvt 4, ""Sonett"", Op. 24",1922-23,0,10,11,7,8,9,4,2,5,1,3,6
"Schoenberg, Arnold","Serenade, mvt 5, ""Tanzscene"", Op. 24",1920-23,0,1,3,6,7,9,8,10,11,2,4,5
"Schoenberg, Arnold","Six Pieces for Male Chorus, No. 1, Op. 35",1930,0,9,1,3,2,11,6,8,7,4,10,5
"Schoenberg, Arnold","Six Pieces for Male Chorus, No. 2, Op. 35",1930,0,3,1,7,6,8,11,5,4,9,10,2
"Schoenberg, Arnold","Six Pieces for Male Chorus, No. 3, Op. 35",1930,0,3,4,5,2,9,6,7,1,8,11,10
"Schoenberg, Arnold","Six Pieces for Male Chorus, No. 5, Op. 35",1930,0,6,9,1,2,10,7,3,11,5,4,8
"Schoenberg, Arnold",Sonata For Organ,1941,0,6,10,2,8,1,7,5,9,4,11,3
"Schoenberg, Arnold","String Quartet No. 3, Op. 30",1927,0,9,8,2,5,10,11,4,3,6,1,7
"Schoenberg, Arnold","String Quartet No. 4, Op. 37",1936,0,11,7,8,3,1,2,10,6,5,4,9
"Schoenberg, Arnold","String Trio, Op. 45",1946,0,8,1,7,2,11,9,6,4,5,3,10
"Schoenberg, Arnold","Suite for Piano, Op. 25",1921-23,0,1,3,9,2,11,4,10,7,8,5,6
"Schoenberg, Arnold","Suite, Op. 29",1925,0,4,3,7,11,8,9,6,5,1,2,10
"Schoenberg, Arnold","Three Satires for Mixed Chorus, No. 1, Op. 28 No. 1",1925,0,4,7,1,9,11,5,3,2,6,8,10
"Schoenberg, Arnold","Three Satires for Mixed Chorus, No. 3, Op. 28 No. 3",1925/26,0,1,11,3,9,5,2,4,10,6,8,7
"Schoenberg, Arnold","Three Songs, No. 1, ""Sommermud"", Op. 48",1933,0,1,11,5,2,4,3,9,10,6,8,7
"Schoenberg, Arnold","Three Songs, No. 2, ""Tot"", Op. 48",1933,0,1,7,11,8,2,6,5,10,9,3,4
"Schoenberg, Arnold","Three Songs, No. 3, ""Madchenlied"", Op. 48",1933,0,6,8,10,2,4,9,5,3,11,7,1
"Schoenberg, Arnold","Three Times a Thousand Years, Op. 50a",1949,0,2,11,9,10,4,3,7,5,6,8,1
"Schoenberg, Arnold","Two Piano Pieces, No. 1, Op. 33a",1928,0,7,2,1,11,8,3,5,9,10,4,6
"Schoenberg, Arnold","Two Piano Pieces, No. 2, Op. 33b",1931,0,2,6,4,10,9,7,11,8,5,1,3
"Schoenberg, Arnold","Variations for Orchestra, Op. 31",1926-28,0,6,8,5,7,11,4,3,9,10,1,2
"Schoenberg, Arnold","Violin Concerto, Op. 36",1934/36,0,1,6,2,7,9,3,4,10,11,5,8
"Schoenberg, Arnold","Violin Phantasy, Op. 47",1949,0,11,3,1,7,9,6,2,10,5,8,4
"Schoenberg, Arnold","Von Heute Auf Morgen, Op. 32",1929,0,1,7,11,9,3,6,5,2,10,8,4
"Schoenberg, Arnold","Wind Quintet, Op. 26",1923-24,0,4,6,8,10,9,7,11,1,3,5,2
"Schuller, Gunther",Transformation,1957,0,2,4,3,8,11,9,6,5,10,7,1
"Schwantner, Joseph","""New Morning for the World""",1982,0,11,7,3,6,10,2,1,9,5,4,8
"Schwantner, Joseph",...and the mountains rising nowhere,1977,0,11,8,7,4,3,2,1,10,9,6,5
"Schwantner, Joseph",Elixir (Consortium VIII),1975,0,8,4,3,7,11,10,6,9,5,1,2
"Schwantner, Joseph","Elixir (Consortium VIII), m.22",1975,0,1,4,5,8,9,6,7,10,11,2,3
"Schwantner, Joseph",In Aeternum,1972,0,8,1,6,2,7,11,3,10,5,9,4
"Schwantner, Joseph",In Aeternum (Derived Row),1973,0,3,11,2,10,1,7,4,8,5,9,6
"Schwantner, Joseph",In Aeternum (Principal Row),1973,0,4,11,6,10,5,1,9,2,7,3,8
"Schwantner, Joseph",Modus Caelestis (A),1972,0,6,7,1,11,5,4,10,8,2,3,9
"Schwantner, Joseph",Modus Caelestis (R),1972,0,6,7,2,4,1,9,11,3,5,8,10
"Schwantner, Joseph",Modus Caelestis (m. 39),1972,0,6,11,10,5,9,4,8,3,2,7,1
"Schwantner, Joseph","Wild Angels of the Open Hills, 2, ""Angels of the Shadowed Ancient Land,"" cycle 4",1977,0,11,8,6,5,9,0,2,10,7,4,3
"Schwantner, Joseph","Wild Angels of the Open Hills, 2, ""Angels of the Shadowed Ancient Land,"" m. 11",1977,0,11,3,2,10,9,5,4,1,7,8,6
"Schwantner, Joseph","Wild Angels of the Open Hills, 2, ""Angels of the Shadowed Ancient Land,"" m. 21",1977,0,8,9,11,3,7,6,5,2,4,10,1
"Searle, Humphrey",Toccata alla Passacaglia Op. 31,1957,0,5,6,1,10,7,9,8,3,2,4,11
"Seiber, Mátyás",Concert Piece for Violin and Piano,1953-4,0,1,7,6,11,10,4,5,9,8,2,3
"Seiber, Mátyás",Sonata for Violin and Piano,1960,0,1,11,10,7,6,8,9,4,3,5,2
"Seiber, Mátyás",String Quartet no. 2,1934-5,0,2,3,1,4,11,5,10,7,9,8,6
"Seiber, Mátyás","String Quartet no. 2, mvt 3",1934-5,0,2,3,1,4,9,5,11,10,7,6,8
"Sessions, Roger","Piano Sonata no. 3, mvt 2",1965,0,1,5,4,8,2,11,10,6,7,3,9
"Sessions, Roger","Piano Sonata no. 3, mvt.1",1965,0,9,1,10,4,11,8,5,3,6,2,7
"Sessions, Roger",When Lilacs Last in the Dooryard Bloom'd,1970,3,5,7,1,8,11,0,4,2,10,9,6
"Shapey, Ralph",String Quartet No. 9,1995,0,8,9,3,5,1,2,6,4,10,11,7
"Shostakovich, Dmitri","Symphony No. 14, mov. I",1969,0,11,9,4,3,10,8,7,5,6,1,2
"Shostakovich, Dmitri","Symphony No. 14, mov. III",1969,0,5,2,7,10,1,11,4,6,8,9,3
"Slonimsky, Nicolas","N/A - ""Grandmother chord""",1947,0,1,11,2,10,3,9,4,8,5,7,6
"Smith, Hale",Contours for Orchestra,1961,0,5,6,4,10,11,7,2,1,3,9,8
"Smith, Hale",Evocation,1965,0,1,7,2,9,5,8,3,10,11,4,6
"Stockhausen, Karlheinz",Choral,1950,0,1,10,6,8,3,5,2,4,11,9,7
"Stockhausen, Karlheinz",Gruppen,1955-57,0,8,1,10,9,11,5,3,4,7,2,6
"Stockhausen, Karlheinz","Klavierstück ""V.5 or Pre-VI"" (row of original 1954 version)",1954-55,0,8,1,11,10,7,5,9,4,6,3,2
"Stockhausen, Karlheinz",Klavierstück IV row 3,1952,0,7,1,10,11,9,5,8,4,3,2,6
"Stockhausen, Karlheinz","Klavierstück IV, row 1",1952,0,11,4,10,9,5,8,6,2,1,7,3
"Stockhausen, Karlheinz","Klavierstück IV, row 2",1952,0,3,5,1,2,6,4,10,7,8,11,9
"Stockhausen, Karlheinz",Klavierstück IX,1954-55,0,8,1,10,9,11,5,3,4,7,2,6
"Stockhausen, Karlheinz",Klavierstück VII,1954-55,0,8,1,10,9,11,5,3,4,7,2,6
"Stockhausen, Karlheinz",Klavierstück VIII,1954-55,0,8,1,11,10,7,5,9,4,6,3,2
"Stockhausen, Karlheinz",Klavierstück X,1954-55,0,8,1,10,9,11,5,3,4,7,2,6
"Stockhausen, Karlheinz",Kreuzspiel,1951,0,10,9,11,7,2,8,1,4,6,5,3
"Stockhausen, Karlheinz","Licht, Eve formula",1977-2003,0,4,3,2,5,6,10,11,9,1,7,8
"Stockhausen, Karlheinz",Plus-Minus,1963 (rev. 1974),0,1,7,9,8,6,3,10,2,5,11,4
"Stockhausen, Karlheinz","Tierkreis, Aquarius",1974-75,0,3,5,4,11,10,9,8,7,6,2,1
"Stockhausen, Karlheinz","Tierkreis, Aries",1974-75,0,3,2,9,7,8,11,6,1,5,4,10
"Stockhausen, Karlheinz","Tierkreis, Cancer",1974-75,0,7,11,10,9,8,3,6,4,1,5,2
"Stockhausen, Karlheinz","Tierkreis, Capricorn",1974-75,0,9,2,8,7,5,6,1,3,4,10,11
"Stockhausen, Karlheinz","Tierkreis, Gemini",1974-75,0,4,5,10,7,6,1,8,11,2,9,3
"Stockhausen, Karlheinz","Tierkreis, Leo",1974-75,0,5,11,6,3,2,8,7,9,10,4,1
"Stockhausen, Karlheinz","Tierkreis, Sagittarius",1974-75,0,6,5,2,3,4,7,8,9,10,11,1
"Stockhausen, Karlheinz","Tierkreis, Scorpio",1974-75,0,4,3,11,7,8,10,9,2,5,1,6
"Stravinsky, Igor","A Sermon, a Narrative and a Prayer",1961,0,1,9,11,10,7,8,3,4,6,5,2
"Stravinsky, Igor",Abraham & Isaac,1963,0,1,3,5,6,2,4,8,7,9,11,10
"Stravinsky, Igor","Agon, ""Double Pas-de-Deux""",1953-7,0,11,1,2,9,8,10,7,5,6,4,3
"Stravinsky, Igor","Agon, ""Pas de deux"", ""Four trios""",1953-7,0,1,4,3,2,5,6,9,8,11,10,7
"Stravinsky, Igor","Anthem ""The dove descending breaks the air""",1962,0,4,2,5,7,8,10,9,11,1,6,3
"Stravinsky, Igor","Canticum Sacrum, II",1955,0,11,9,6,10,8,7,5,2,4,3,1
"Stravinsky, Igor","Canticum Sacrum, II & IV",1955,0,11,1,3,4,2,7,6,9,5,8,10
"Stravinsky, Igor","Double Canon ""Raoul Dufy in Memoriam""",1959,0,11,3,2,1,8,6,9,10,7,5,4
"Stravinsky, Igor",Elegy for J.F.K.,1964,0,6,4,2,8,9,3,1,11,10,7,5
"Stravinsky, Igor","Epitaphium ""für das Grabmal des Prinzen Max Egon zu Fürstenberg""",1959,0,9,2,3,11,10,5,4,1,6,7,8
"Stravinsky, Igor",Fanfare for a New Theater,1964,0,11,1,3,4,2,5,7,6,8,10,9
"Stravinsky, Igor","Introitus ""T. S. Eliot in Memoriam""",1965,0,5,6,4,8,9,3,2,1,10,11,7
"Stravinsky, Igor",Movements,1958-59,0,1,7,5,6,11,9,8,10,3,4,2
"Stravinsky, Igor","Requiem Canticles, 1st series",1966,0,2,10,11,1,8,6,7,9,4,3,5
"Stravinsky, Igor","Requiem Canticles, 2nd series",1966,0,7,6,4,5,9,8,10,3,1,11,2
"Stravinsky, Igor",The Flood,1962,0,10,11,5,2,4,3,1,9,8,6,7
"Stravinsky, Igor",The Owl and the Pussy Cat,1966,0,2,9,11,8,6,5,7,10,1,4,3
"Stravinsky, Igor",Threni: id est lamentationes Jeremiae prophetae,1958,0,5,4,7,10,6,11,8,1,9,2,3
"Stravinsky, Igor","Variations ""Aldous Huxley in Memoriam""",1963-64,0,10,7,9,2,8,6,11,1,5,4,3
"Talma, Louise",Passacaglia and Fugue,1955,0,4,2,9,11,7,8,3,1,6,5,10
"Talma, Louise","Piano Sonata 2, mvt 1",1955,0,11,2,4,1,5,7,3,8,10,6,9
"Talma, Louise","Piano Sonata 2, mvt 4, first row",1955,0,4,8,2,5,10,1,11,6,9,7,3
"Talma, Louise","Piano Sonata 2, mvt 4, second row",1955,0,9,4,1,3,8,5,7,2,11,10,6
"Talma, Louise","Seven Episodes for flute, viola and piano",1986-87,0,9,11,4,6,3,8,1,10,2,5,7
"Talma, Louise","Six Etudes, Etude 1",1953-1954,0,3,6,8,10,2,5,7,9,1,11,4
"Talma, Louise","Six Etudes, Etude 2",1953-1954,0,3,9,5,11,2,8,4,10,6,1,7
"Talma, Louise","Six Etudes, Etude 3",1954,0,8,11,9,4,6,3,5,2,1,7,10
"Talma, Louise","Six Etudes, Etude 4",1953-1954,0,1,5,9,4,8,7,6,11,2,10,3
"Talma, Louise","Six Etudes, Etude 5",1953-1954,0,4,6,11,8,3,9,1,5,7,2,10
"Talma, Louise","Six Etudes, Etude 6",1953-1954,0,8,6,9,4,5,2,1,3,10,7,11
"Talma, Louise","Soundshots, ""Whirring Pin Wheels""",1974,0,2,5,1,10,11,7,8,9,6,3,4
"Talma, Louise","Three Bagatelles, Bagatelle 1",1955,0,1,3,5,10,4,9,7,2,6,11,8
"Talma, Louise","Three Bagatelles, Bagatelle 2",1955,0,8,1,2,7,4,10,11,3,6,9,5
"Talma, Louise","Three Bagatelles, Bagatelle 3",1955,0,3,4,1,5,8,10,7,2,11,6,9
"Volkonsky, Andrei","Musica Stricta, mvt 2, row A",1956–7,0,6,8,9,11,10,1,7,2,3,5,4
"Volkonsky, Andrei","Musica Stricta, mvt 2, row B",1956–7,0,3,1,4,11,6,5,10,7,2,8,9
"Volkonsky, Andrei","Musica Stricta, mvt 2, row C",1956–7,0,10,11,9,4,5,7,2,1,3,6,8
"Volkonsky, Andrei","Musica Stricta, mvt 2, row D",1956–7,0,4,9,2,8,10,11,1,3,7,5,3
"Volkonsky, Andrei","Musica Stricta, mvt 3, row E",1956–7,0,4,9,5,10,1,2,6,7,8,11,3
"Volkonsky, Andrei","Musica Stricta, mvt 3, row F",1956–7,0,1,9,3,5,6,7,11,10,8,4,2
"Volkonsky, Andrei","Musica Stricta, mvt 4, row G",1956–7,0,6,5,4,3,2,1,11,9,10,8,7
"Volkonsky, Andrei","Musica Stricta, mvt 4, row H",1956–7,0,6,4,9,8,2,7,1,11,5,10,3
"Walton, William",Symphony No. 2,1957-60,0,3,7,8,2,11,6,5,9,10,4,1
"Weber, Ben","Fantasia (Variations), op. 25",1946,0,1,5,9,10,2,6,11,7,4,3,8
"Weber, Ben",Five Bagatelles ii,1939,0,1,2,9,6,7,4,8,5,11,10,3
"Weber, Ben",Five Bagatelles iii,1939,0,4,10,1,5,9,6,11,3,8,2,7
"Weber, Ben",Five Bagatelles iv,1939,0,6,8,3,4,5,2,7,9,1,10,11
"Weber, Ben",Five Bagatelles v,1939,0,9,1,8,2,7,3,5,6,4,11,10
"Weber, Ben","Humoreske, op. 49",1958,0,2,4,5,7,10,1,11,9,8,6,3
"Weber, Ben",Intermezzo,1972,0,4,11,9,8,3,6,1,2,5,10,7
"Weber, Ben","Lyric Piece, op.40a",1953-4,0,1,5,4,10,2,8,6,3,9,7,11
"Webern, Anton","2 Lieder, ""Weiss Wie Lilien"", Op. 19, No. 1",1925-26,0,3,11,10,8,2,1,6,7,4,9,5
"Webern, Anton","2 Lieder, ""Ziehn Die Schafe"", Op. 19, No. 2",1925-26,0,8,1,10,11,4,3,9,7,6,2,5
"Webern, Anton","3 Lieder, ""Ave, Regina Coelorum"", Op. 18, No. 3",1925,0,11,3,2,1,7,6,10,9,8,5,4
"Webern, Anton","3 Lieder, ""Erlösung"", Op. 18, No. 2",1925,0,3,11,2,10,1,9,5,8,4,7,6
"Webern, Anton","3 Lieder, ""Schatzerl Klein"", Op. 18, No. 1",1925,0,11,5,8,10,9,3,4,1,7,2,6
"Webern, Anton","3 Volkstexte, ""Armer Sunder, Du"", Op. 17, No. 1",1924-25,0,11,6,7,4,5,8,9,10,1,2,3
"Webern, Anton","3 Volkstexte, ""Heiland, Unsere Missetaten..."", Op. 17, No. 3",1925,0,9,8,7,11,10,4,5,6,3,2,1
"Webern, Anton","3 Volkstexte, ""Liebste Jungfrau"", Op. 17, No. 2",1924-25,0,11,10,6,7,1,2,5,4,3,8,9
"Webern, Anton","Cantata I, Op. 29",1938-39,0,8,11,10,2,1,4,3,7,6,9,5
"Webern, Anton","Cantata II, Op. 31",1941-43,0,3,11,10,2,9,1,5,4,8,7,6
"Webern, Anton","Concerto for Nine Instruments (Konzert), Op. 24",1931,0,11,3,4,8,7,9,5,6,1,2,10
"Webern, Anton","Das Augenlicht, Op. 26",1935,0,2,1,4,3,7,8,5,9,6,10,11
"Webern, Anton",Kinderstück,1924,0,1,9,8,7,10,11,6,5,4,3,2
"Webern, Anton",Klavierstück,1925,0,1,2,11,10,4,5,6,9,8,7,3
"Webern, Anton","Op. 32 (un-finished), initial sketch",1945,0,1,9,11,3,2,7,6,10,8,4,5
"Webern, Anton","Op. 32 (un-finished), later sketch",1945,0,1,2,11,10,9,5,4,3,6,7,8
"Webern, Anton","Quartet for Violin, Clarinet, Tenor Sax, And Piano, Op. 22",1928-30,0,9,8,11,10,2,3,4,5,7,1,6
"Webern, Anton","String Quartet, Op. 28",1937-38,0,11,2,1,5,6,3,4,8,7,10,9
"Webern, Anton","String Trio, Op. 20",1926-27,0,11,6,5,10,9,1,2,7,8,4,3
"Webern, Anton","Symphony, Op. 21",1927-28,0,3,2,1,5,4,10,11,7,8,9,6
"Webern, Anton","Three Songs on Texts by Hildegard Jone, Op. 25",1934,0,9,8,11,6,10,7,4,3,5,2,1
"Webern, Anton","Three Songs, Op. 23",1933-34,0,7,11,8,2,10,6,9,5,4,1,3
"Webern, Anton","Variations for Orchestra, Op. 30",1940,0,1,4,3,2,5,6,9,8,7,10,11
"Webern, Anton","Variations for Piano, Op. 27",1936,0,8,7,11,10,9,3,1,4,2,6,5
"Weiss, Adolph",Prelude for Piano No. 11,1927,0,6,4,11,1,3,10,8,9,7,5,2
"Westergaard, Peter",Mr. and Mrs. Discobbolos,1966,0,2,1,4,3,5,8,6,10,7,11,9
"Wilson, Olly",Piece for Four',1966,0,8,9,4,2,6,7,11,10,3,5,1
"Wolpe, Stefan",Form for Piano,1959,0,9,2,1,11,8,10,6,5,7,3,4
"Wolpe, Stefan","Four Studies on Basic Rows, No.1 - Study on Tritones",1935-36,0,6,7,1,2,8,11,5,10,4,9,3
"Wolpe, Stefan","Four Studies on Basic Rows, No.2 - Study on Thirds",1935-36,0,11,9,8,10,7,6,5,3,2,4,1
"Wuorinen, Charles",Flute Variations II,1968,0,1,3,2,5,4,9,10,6,8,7,11
"Wuorinen, Charles",Piano Concerto No. 3,1983,0,5,2,1,11,3,10,9,4,6,8,7
"Wuorinen, Charles",Reliquary for Igor Stravinsky,1975,0,11,7,5,6,8,2,4,9,3,1,10
"Wuorinen, Charles","Second Sonata, Source set",1976,0,2,10,3,5,7,6,4,1,11,9,8
"Wuorinen, Charles","Second Sonata, Voice 2",1976,0,2,10,9,11,1,6,4,7,5,3,8
"Wuorinen, Charles","Second Sonata, Voice 3",1976,0,2,4,3,5,1,9,7,11,10,8,6
"Wuorinen, Charles",Sonata for Piano,1969,0,3,2,4,5,1,11,8,9,7,6,10
"Wuorinen, Charles",Third Piano Sonata,1986,0,7,5,2,10,9,3,4,8,11,1,6
"Yi, Chen",Near Distance,1988,0,1,10,3,4,6,8,9,11,5,7,2
"Yi, Chen",Symphony No. 2,1993,0,6,2,3,7,9,10,4,5,11,8,1
"Yi, Chen",Woodwind Quintet,1987,0,11,1,7,9,8,10,4,6,5,2,3
"Yun, Isang","Funf Stücke für Klavier, Stück 1, Row 1",1958,0,4,2,6,5,8,7,9,3,1,10,11
"Yun, Isang","Funf Stücke für Klavier, Stück 1, Row 2",1958,0,11,10,4,2,1,3,6,5,9,7,8
"Yun, Isang","Funf Stücke für Klavier, Stück 2",1958,0,9,8,4,6,7,10,1,3,5,2,11
"Yun, Isang","Funf Stücke für Klavier, Stück 3, Row 1",1958,0,11,1,9,10,7,5,6,8,2,3,4
"Yun, Isang","Funf Stücke für Klavier, Stück 3, Row 2",1958,0,4,2,8,5,6,7,9,3,11,10,1
"Yun, Isang","Funf Stücke für Klavier, Stück 4",1958,0,1,7,8,11,3,4,9,5,2,6,10
"Yun, Isang","Funf Stücke für Klavier, Stück 5",1958,0,11,6,3,2,10,9,1,5,4,8,7
"Yun, Isang",Garak,1963,0,3,6,1,4,5,7,10,9,11,8,2
"Yun, Isang",Gasa,1963,0,11,7,8,6,5,2,9,10,1,3,4
"Yun, Isang",Piri for solo oboe,1971,0,1,7,4,5,11,10,6,8,2,3,9
"Yun, Isang",Riul für Klarinette und Klavier,1968,0,5,6,9,8,4,3,7,1,2,11,10
"Zimmerman, Bernd Alois",Perspektiven,1955-56,0,2,10,8,4,6,3,1,5,7,11,9
